<?xml version="1.0" encoding="UTF-8"?>
<project-private xmlns="http://www.netbeans.org/ns/project-private/1">
    <editor-bookmarks xmlns="http://www.netbeans.org/ns/editor-bookmarks/2" lastBookmarkId="0"/>
    <open-files xmlns="http://www.netbeans.org/ns/projectui-open-files/2">
        <group>
            <file>file:/C:/Users/Ortega/Downloads/Java-poo-main%20(1)/Java-poo-main/Aula0601/src/aula0601/Forma.java</file>
            <file>file:/C:/Users/Ortega/Downloads/Java-poo-main%20(1)/Java-poo-main/Aula0601/src/aula0601/Circunferencia.java</file>
            <file>file:/C:/Users/Ortega/Downloads/Java-poo-main%20(1)/Java-poo-main/Aula0601/src/aula0601/Aula0601.java</file>
            <file>file:/C:/Users/Ortega/Downloads/Java-poo-main%20(1)/Java-poo-main/Aula0601/src/aula0601/Triângulo.java</file>
            <file>file:/C:/Users/Ortega/Downloads/Java-poo-main%20(1)/Java-poo-main/Aula0601/src/aula0601/Retangulo.java</file>
        </group>
    </open-files>
</project-private>
