<?xml version="1.0" encoding="UTF-8"?>
<project-private xmlns="http://www.netbeans.org/ns/project-private/1">
    <editor-bookmarks xmlns="http://www.netbeans.org/ns/editor-bookmarks/2" lastBookmarkId="0"/>
    <open-files xmlns="http://www.netbeans.org/ns/projectui-open-files/2">
        <group>
            <file>file:/C:/Users/Ortega/Documents/NetBeansProjects/POO%20-%20EXERCICIOS%20-%20UNICSUL/Aula03/src/aula0301/Data.java</file>
            <file>file:/C:/Users/Ortega/Documents/NetBeansProjects/POO%20-%20EXERCICIOS%20-%20UNICSUL/Aula03/src/aula0301/Aula03.java</file>
            <file>file:/C:/Users/Ortega/Documents/NetBeansProjects/POO%20-%20EXERCICIOS%20-%20UNICSUL/Aula03/src/aula0301/Triangulo.java</file>
        </group>
    </open-files>
</project-private>
