<?xml version="1.0" encoding="UTF-8"?>
<project-private xmlns="http://www.netbeans.org/ns/project-private/1">
    <editor-bookmarks xmlns="http://www.netbeans.org/ns/editor-bookmarks/2" lastBookmarkId="0"/>
    <open-files xmlns="http://www.netbeans.org/ns/projectui-open-files/2">
        <group>
            <file>file:/C:/Users/Ortega/Downloads/Java-poo-main%20(1)/Java-poo-main/Aula0602/src/aula0602/Aula0602.java</file>
            <file>file:/C:/Users/Ortega/Downloads/Java-poo-main%20(1)/Java-poo-main/Aula0602/src/aula0602/Programador.java</file>
            <file>file:/C:/Users/Ortega/Downloads/Java-poo-main%20(1)/Java-poo-main/Aula0602/src/aula0602/Analista.java</file>
            <file>file:/C:/Users/Ortega/Downloads/Java-poo-main%20(1)/Java-poo-main/Aula0602/src/aula0602/Empregado.java</file>
        </group>
    </open-files>
</project-private>
